{
    "accuracy": {
        "test": 0.7490636704119851
    },
    "precision": {
        "test": 0.8913043478260869
    },
    "recall": {
        "test": 0.39805825242718446
    },
    "f1_score": {
        "test": 0.5503355704697986
    }
}
